titles1,title2,title
Avatar,Avatar,Avatar
Pirates of the Caribbean: At World's End,Pirates of the Caribbean: At World`s End,Pirates of the Caribbean: At World`s End
Spectre,Spectre,Spectre
The Dark Knight Rises,The Dark Knight Rises,The Dark Knight Rises
John Carter,John Carter,John Carter
Spider-Man 3,Spider-Man 3,Spider-Man 3
Tangled,Tangled,Tangled
Avengers: Age of Ultron,Avengers: Age of Ultron,Avengers: Age of Ultron
Harry Potter and the Half-Blood Prince,Harry Potter and the Half-Blood Prince,Harry Potter and the Half-Blood Prince
Batman v Superman: Dawn of Justice,Batman v Superman: Dawn of Justice,Batman v Superman: Dawn of Justice
Superman Returns,Superman Returns,Superman Returns
Quantum of Solace,Quantum of Solace,Quantum of Solace
Pirates of the Caribbean: Dead Man's Chest,Pirates of the Caribbean: Dead Man`s Chest,Pirates of the Caribbean: Dead Man`s Chest
The Lone Ranger,The Lone Ranger,The Lone Ranger
Man of Steel,Man of Steel,Man of Steel
The Chronicles of Narnia: Prince Caspian,The Chronicles of Narnia: Prince Caspian,The Chronicles of Narnia: Prince Caspian
The Avengers,The Avengers,The Avengers
Pirates of the Caribbean: On Stranger Tides,Pirates of the Caribbean: On Stranger Tides,Pirates of the Caribbean: On Stranger Tides
Men in Black 3,Men in Black 3,Men in Black 3
The Hobbit: The Battle of the Five Armies,The Hobbit: The Battle of the Five Armies,The Hobbit: The Battle of the Five Armies
The Amazing Spider-Man,The Amazing Spider-Man,The Amazing Spider-Man
Robin Hood,Robin Hood,Robin Hood
The Hobbit: The Desolation of Smaug,The Hobbit: The Desolation of Smaug,The Hobbit: The Desolation of Smaug
The Golden Compass,The Golden Compass,The Golden Compass
King Kong,King Kong,King Kong
Titanic,Titanic,Titanic
Captain America: Civil War,Captain America: Civil War,Captain America: Civil War
Battleship,Battleship,Battleship
Jurassic World,Jurassic World,Jurassic World
Skyfall,Skyfall,Skyfall
Spider-Man 2,Spider-Man 2,Spider-Man 2
Iron Man 3,Iron Man 3,Iron Man 3
Alice in Wonderland,Alice in Wonderland,Alice in Wonderland
X-Men: The Last Stand,X-Men: The Last Stand,X-Men: The Last Stand
Monsters University,Monsters University,Monsters University
Transformers: Revenge of the Fallen,Transformers: Revenge of the Fallen,Transformers: Revenge of the Fallen
Transformers: Age of Extinction,Transformers: Age of Extinction,Transformers: Age of Extinction
Oz: The Great and Powerful,Oz: The Great and Powerful,Oz: The Great and Powerful
The Amazing Spider-Man 2,The Amazing Spider-Man 2,The Amazing Spider-Man 2
TRON: Legacy,TRON: Legacy,TRON: Legacy
Cars 2,Cars 2,Cars 2
Green Lantern,Green Lantern,Green Lantern
Toy Story 3,Toy Story 3,Toy Story 3
Terminator Salvation,Terminator Salvation,Terminator Salvation
Furious 7,Furious 7,Furious 7
World War Z,World War Z,World War Z
X-Men: Days of Future Past,X-Men: Days of Future Past,X-Men: Days of Future Past
Star Trek Into Darkness,Star Trek Into Darkness,Star Trek Into Darkness
Jack the Giant Slayer,Jack the Giant Slayer,Jack the Giant Slayer
The Great Gatsby,The Great Gatsby,The Great Gatsby
Prince of Persia: The Sands of Time,Prince of Persia: The Sands of Time,Prince of Persia: The Sands of Time
Pacific Rim,Pacific Rim,Pacific Rim
Transformers: Dark of the Moon,Transformers: Dark of the Moon,Transformers: Dark of the Moon
Indiana Jones and the Kingdom of the Crystal Skull,Indiana Jones and the Kingdom of the Crystal Skull,Indiana Jones and the Kingdom of the Crystal Skull
The Good Dinosaur,The Good Dinosaur,The Good Dinosaur
Brave,Brave,Brave
Star Trek Beyond,Star Trek Beyond,Star Trek Beyond
WALL·E,WALL·E,WALL·E
Rush Hour 3,Rush Hour 3,Rush Hour 3
2012,2012,2012
A Christmas Carol,A Christmas Carol,A Christmas Carol
Jupiter Ascending,Jupiter Ascending,Jupiter Ascending
The Legend of Tarzan,The Legend of Tarzan,The Legend of Tarzan
"The Chronicles of Narnia: The Lion, the Witch and the Wardrobe","The Chronicles of Narnia: The Lion, the Witch and the Wardrobe","The Chronicles of Narnia: The Lion, the Witch and the Wardrobe"
X-Men: Apocalypse,X-Men: Apocalypse,X-Men: Apocalypse
The Dark Knight,The Dark Knight,The Dark Knight
Up,Up,Up
Monsters vs Aliens,Monsters vs Aliens,Monsters vs Aliens
Iron Man,Iron Man,Iron Man
Hugo,Hugo,Hugo
Wild Wild West,Wild Wild West,Wild Wild West
The Mummy: Tomb of the Dragon Emperor,The Mummy: Tomb of the Dragon Emperor,The Mummy: Tomb of the Dragon Emperor
Suicide Squad,Suicide Squad,Suicide Squad
Evan Almighty,Evan Almighty,Evan Almighty
Edge of Tomorrow,Edge of Tomorrow,Edge of Tomorrow
Waterworld,Waterworld,Waterworld
G.I. Joe: The Rise of Cobra,G.I. Joe: The Rise of Cobra,G.I. Joe: The Rise of Cobra
Inside Out,Inside Out,Inside Out
The Jungle Book,The Jungle Book,The Jungle Book
Iron Man 2,Iron Man 2,Iron Man 2
Snow White and the Huntsman,Snow White and the Huntsman,Snow White and the Huntsman
Maleficent,Maleficent,Maleficent
Dawn of the Planet of the Apes,Dawn of the Planet of the Apes,Dawn of the Planet of the Apes
The Lovers,The Lovers,The Lovers
47 Ronin,47 Ronin,47 Ronin
Captain America: The Winter Soldier,Captain America: The Winter Soldier,Captain America: The Winter Soldier
Shrek Forever After,Shrek Forever After,Shrek Forever After
Tomorrowland,Tomorrowland,Tomorrowland
Big Hero 6,Big Hero 6,Big Hero 6
Wreck-It Ralph,Wreck-It Ralph,Wreck-It Ralph
The Polar Express,The Polar Express,The Polar Express
Independence Day: Resurgence,Independence Day: Resurgence,Independence Day: Resurgence
How to Train Your Dragon,How to Train Your Dragon,How to Train Your Dragon
Terminator 3: Rise of the Machines,Terminator 3: Rise of the Machines,Terminator 3: Rise of the Machines
Guardians of the Galaxy,Guardians of the Galaxy,Guardians of the Galaxy
Interstellar,Interstellar,Interstellar
Inception,Inception,Inception
Shin Godzilla,Shin Godzilla,Shin Godzilla
The Hobbit: An Unexpected Journey,The Hobbit: An Unexpected Journey,The Hobbit: An Unexpected Journey
The Fast and the Furious,The Fast and the Furious,The Fast and the Furious
The Curious Case of Benjamin Button,The Curious Case of Benjamin Button,The Curious Case of Benjamin Button
X-Men: First Class,X-Men: First Class,X-Men: First Class
The Hunger Games: Mockingjay - Part 2,The Hunger Games: Mockingjay - Part 2,The Hunger Games: Mockingjay - Part 2
The Sorcerer's Apprentice,The Sorcerer`s Apprentice,The Sorcerer`s Apprentice
Poseidon,Poseidon,Poseidon
Alice Through the Looking Glass,Alice Through the Looking Glass,Alice Through the Looking Glass
Shrek the Third,Shrek the Third,Shrek the Third
Warcraft,Warcraft,Warcraft
Terminator Genisys,Terminator Genisys,Terminator Genisys
The Chronicles of Narnia: The Voyage of the Dawn Treader,The Chronicles of Narnia: The Voyage of the Dawn Treader,The Chronicles of Narnia: The Voyage of the Dawn Treader
Pearl Harbor,Pearl Harbor,Pearl Harbor
Transformers,Transformers,Transformers
Alexander,Alexander,Alexander
Harry Potter and the Order of the Phoenix,Harry Potter and the Order of the Phoenix,Harry Potter and the Order of the Phoenix
Harry Potter and the Goblet of Fire,Harry Potter and the Goblet of Fire,Harry Potter and the Goblet of Fire
Hancock,Hancock,Hancock
I Am Legend,I Am Legend,I Am Legend
Charlie and the Chocolate Factory,Charlie and the Chocolate Factory,Charlie and the Chocolate Factory
Ratatouille,Ratatouille,Ratatouille
Batman Begins,Batman Begins,Batman Begins
Madagascar: Escape 2 Africa,Madagascar: Escape 2 Africa,Madagascar: Escape 2 Africa
Night at the Museum: Battle of the Smithsonian,Night at the Museum: Battle of the Smithsonian,Night at the Museum: Battle of the Smithsonian
X-Men Origins: Wolverine,X-Men Origins: Wolverine,X-Men Origins: Wolverine
The Matrix Revolutions,The Matrix Revolutions,The Matrix Revolutions
Frozen,Frozen,Frozen
The Matrix Reloaded,The Matrix Reloaded,The Matrix Reloaded
Thor: The Dark World,Thor: The Dark World,Thor: The Dark World
Mad Max: Fury Road,Mad Max: Fury Road,Mad Max: Fury Road
Angels & Demons,Angels & Demons,Angels (and) Demons
Thor,Thor,Thor
Bolt,Bolt,Bolt
G-Force,G-Force,G-Force
Wrath of the Titans,Wrath of the Titans,Wrath of the Titans
Dark Shadows,Dark Shadows,Dark Shadows
Mission: Impossible - Rogue Nation,Mission: Impossible - Rogue Nation,Mission: Impossible - Rogue Nation
The Wolfman,The Wolfman,The Wolfman
Bee Movie,Bee Movie,Bee Movie
Kung Fu Panda 2,Kung Fu Panda 2,Kung Fu Panda 2
The Last Airbender,The Last Airbender,The Last Airbender
Mission: Impossible III,Mission: Impossible III,Mission: Impossible III
White House Down,White House Down,White House Down
Mars Needs Moms,Mars Needs Moms,Mars Needs Moms
Flushed Away,Flushed Away,Flushed Away
Pan,Pan,Pan
Mr. Peabody & Sherman,Mr. Peabody & Sherman,Mr. Peabody (and) Sherman
Troy,Troy,Troy
Madagascar 3: Europe's Most Wanted,Madagascar 3: Europe`s Most Wanted,Madagascar 3: Europe`s Most Wanted
Die Another Day,Die Another Day,Die Another Day
Ghostbusters,Ghostbusters,Ghostbusters
Armageddon,Armageddon,Armageddon
Men in Black II,Men in Black II,Men in Black II
Beowulf,Beowulf,Beowulf
Kung Fu Panda 3,Kung Fu Panda 3,Kung Fu Panda 3
Mission: Impossible - Ghost Protocol,Mission: Impossible - Ghost Protocol,Mission: Impossible - Ghost Protocol
Rise of the Guardians,Rise of the Guardians,Rise of the Guardians
Fun with Dick and Jane,Fun with Dick and Jane,Fun with Dick and Jane
The Last Samurai,The Last Samurai,The Last Samurai
Exodus: Gods and Kings,Exodus: Gods and Kings,Exodus: Gods and Kings
Star Trek,Star Trek,Star Trek
Spider-Man,Spider-Man,Spider-Man
How to Train Your Dragon 2,How to Train Your Dragon 2,How to Train Your Dragon 2
Gods of Egypt,Gods of Egypt,Gods of Egypt
Stealth,Stealth,Stealth
Watchmen,Watchmen,Watchmen
Lethal Weapon 4,Lethal Weapon 4,Lethal Weapon 4
Hulk,Hulk,Hulk
G.I. Joe: Retaliation,G.I. Joe: Retaliation,G.I. Joe: Retaliation
Sahara,Sahara,Sahara
Final Fantasy: The Spirits Within,Final Fantasy: The Spirits Within,Final Fantasy: The Spirits Within
Captain America: The First Avenger,Captain America: The First Avenger,Captain America: The First Avenger
The World Is Not Enough,The World Is Not Enough,The World Is Not Enough
Master and Commander: The Far Side of the World,Master and Commander: The Far Side of the World,Master and Commander: The Far Side of the World
The Twilight Saga: Breaking Dawn - Part 2,The Twilight Saga: Breaking Dawn - Part 2,The Twilight Saga: Breaking Dawn - Part 2
Happy Feet Two,Happy Feet Two,Happy Feet Two
The Incredible Hulk,The Incredible Hulk,The Incredible Hulk
The BFG,The BFG,The BFG
The Revenant,The Revenant,The Revenant
Turbo,Turbo,Turbo
Rango,Rango,Rango
Penguins of Madagascar,Penguins of Madagascar,Penguins of Madagascar
The Bourne Ultimatum,The Bourne Ultimatum,The Bourne Ultimatum
Kung Fu Panda,Kung Fu Panda,Kung Fu Panda
Ant-Man,Ant-Man,Ant-Man
The Hunger Games: Catching Fire,The Hunger Games: Catching Fire,The Hunger Games: Catching Fire
Home,Home,Home
War of the Worlds,War of the Worlds,War of the Worlds
Bad Boys II,Bad Boys II,Bad Boys II
Puss in Boots,Puss in Boots,Puss in Boots
Salt,Salt,Salt
Noah,Noah,Noah
The Adventures of Tintin,The Adventures of Tintin,The Adventures of Tintin
Harry Potter and the Prisoner of Azkaban,Harry Potter and the Prisoner of Azkaban,Harry Potter and the Prisoner of Azkaban
Australia,Australia,Australia
After Earth,After Earth,After Earth
Dinosaur,Dinosaur,Dinosaur
Night at the Museum: Secret of the Tomb,Night at the Museum: Secret of the Tomb,Night at the Museum: Secret of the Tomb
Megamind,Megamind,Megamind
Harry Potter and the Philosopher's Stone,Harry Potter and the Philosopher`s Stone,Harry Potter and the Philosopher`s Stone
R.I.P.D.,R.I.P.D.,R.I.P.D.
Pirates of the Caribbean: The Curse of the Black Pearl,Pirates of the Caribbean: The Curse of the Black Pearl,Pirates of the Caribbean: The Curse of the Black Pearl
The Hunger Games: Mockingjay - Part 1,The Hunger Games: Mockingjay - Part 1,The Hunger Games: Mockingjay - Part 1
The Da Vinci Code,The Da Vinci Code,The Da Vinci Code
Rio 2,Rio 2,Rio 2
X2,X2,X2
Fast Five,Fast Five,Fast Five
Sherlock Holmes: A Game of Shadows,Sherlock Holmes: A Game of Shadows,Sherlock Holmes: A Game of Shadows
Clash of the Titans,Clash of the Titans,Clash of the Titans
Total Recall,Total Recall,Total Recall
The 13th Warrior,The 13th Warrior,The 13th Warrior
The Bourne Legacy,The Bourne Legacy,The Bourne Legacy
Batman & Robin,Batman & Robin,Batman (and) Robin
How the Grinch Stole Christmas,How the Grinch Stole Christmas,How the Grinch Stole Christmas
The Day After Tomorrow,The Day After Tomorrow,The Day After Tomorrow
Mission: Impossible II,Mission: Impossible II,Mission: Impossible II
The Perfect Storm,The Perfect Storm,The Perfect Storm
Fantastic 4: Rise of the Silver Surfer,Fantastic 4: Rise of the Silver Surfer,Fantastic 4: Rise of the Silver Surfer
Life of Pi,Life of Pi,Life of Pi
Ghost Rider,Ghost Rider,Ghost Rider
Jason Bourne,Jason Bourne,Jason Bourne
Charlie's Angels: Full Throttle,Charlie`s Angels: Full Throttle,Charlie`s Angels: Full Throttle
Prometheus,Prometheus,Prometheus
Stuart Little 2,Stuart Little 2,Stuart Little 2
Elysium,Elysium,Elysium
The Chronicles of Riddick,The Chronicles of Riddick,The Chronicles of Riddick
RoboCop,RoboCop,RoboCop
Speed Racer,Speed Racer,Speed Racer
How Do You Know,How Do You Know,How Do You Know
Knight and Day,Knight and Day,Knight and Day
Oblivion,Oblivion,Oblivion
Star Wars: Episode III - Revenge of the Sith,Star Wars: Episode III - Revenge of the Sith,Star Wars: Episode III - Revenge of the Sith
Star Wars: Episode II - Attack of the Clones,Star Wars: Episode II - Attack of the Clones,Star Wars: Episode II - Attack of the Clones
"Monsters, Inc.","Monsters, Inc.","Monsters, Inc."
The Wolverine,The Wolverine,The Wolverine
Star Wars: Episode I - The Phantom Menace,Star Wars: Episode I - The Phantom Menace,Star Wars: Episode I - The Phantom Menace
The Croods,The Croods,The Croods
Asterix at the Olympic Games,Asterix at the Olympic Games,Asterix at the Olympic Games
Windtalkers,Windtalkers,Windtalkers
The Huntsman: Winter's War,The Huntsman: Winter`s War,The Huntsman: Winter`s War
Teenage Mutant Ninja Turtles,Teenage Mutant Ninja Turtles,Teenage Mutant Ninja Turtles
Gravity,Gravity,Gravity
Dante's Peak,Dante`s Peak,Dante`s Peak
Teenage Mutant Ninja Turtles: Out of the Shadows,Teenage Mutant Ninja Turtles: Out of the Shadows,Teenage Mutant Ninja Turtles: Out of the Shadows
Fantastic Four,Fantastic Four,Fantastic Four
Night at the Museum,Night at the Museum,Night at the Museum
San Andreas,San Andreas,San Andreas
Tomorrow Never Dies,Tomorrow Never Dies,Tomorrow Never Dies
The Patriot,The Patriot,The Patriot
Ocean's Twelve,Ocean`s Twelve,Ocean`s Twelve
Mr. & Mrs. Smith,Mr. & Mrs. Smith,Mr. (and) Mrs. Smith
Insurgent,Insurgent,Insurgent
The Aviator,The Aviator,The Aviator
Gulliver's Travels,Gulliver`s Travels,Gulliver`s Travels
The Green Hornet,The Green Hornet,The Green Hornet
300: Rise of an Empire,300: Rise of an Empire,300: Rise of an Empire
The Smurfs,The Smurfs,The Smurfs
Home on the Range,Home on the Range,Home on the Range
Allegiant,Allegiant,Allegiant
Real Steel,Real Steel,Real Steel
The Smurfs 2,The Smurfs 2,The Smurfs 2
Speed 2: Cruise Control,Speed 2: Cruise Control,Speed 2: Cruise Control
Ender's Game,Ender`s Game,Ender`s Game
Live Free or Die Hard,Live Free or Die Hard,Live Free or Die Hard
The Lord of the Rings: The Fellowship of the Ring,The Lord of the Rings: The Fellowship of the Ring,The Lord of the Rings: The Fellowship of the Ring
Around the World in 80 Days,Around the World in 80 Days,Around the World in 80 Days
Ali,Ali,Ali
The Cat in the Hat,The Cat in the Hat,The Cat in the Hat
"I, Robot","I, Robot","I, Robot"
Kingdom of Heaven,Kingdom of Heaven,Kingdom of Heaven
Stuart Little,Stuart Little,Stuart Little
The Princess and the Frog,The Princess and the Frog,The Princess and the Frog
The Martian,The Martian,The Martian
The Island,The Island,The Island
Town & Country,Town & Country,Town (and) Country
Gone in Sixty Seconds,Gone in Sixty Seconds,Gone in Sixty Seconds
Gladiator,Gladiator,Gladiator
Minority Report,Minority Report,Minority Report
Harry Potter and the Chamber of Secrets,Harry Potter and the Chamber of Secrets,Harry Potter and the Chamber of Secrets
Casino Royale,Casino Royale,Casino Royale
Planet of the Apes,Planet of the Apes,Planet of the Apes
Terminator 2: Judgment Day,Terminator 2: Judgment Day,Terminator 2: Judgment Day
Public Enemies,Public Enemies,Public Enemies
American Gangster,American Gangster,American Gangster
True Lies,True Lies,True Lies
The Taking of Pelham 1 2 3,The Taking of Pelham 1 2 3,The Taking of Pelham 1 2 3
Little Fockers,Little Fockers,Little Fockers
The Other Guys,The Other Guys,The Other Guys
Eraser,Eraser,Eraser
Django Unchained,Django Unchained,Django Unchained
The Hunchback of Notre Dame,The Hunchback of Notre Dame,The Hunchback of Notre Dame
The Emperor's New Groove,The Emperor`s New Groove,The Emperor`s New Groove
The Expendables 2,The Expendables 2,The Expendables 2
National Treasure,National Treasure,National Treasure
Eragon,Eragon,Eragon
Where the Wild Things Are,Where the Wild Things Are,Where the Wild Things Are
Epic,Epic,Epic
The Tourist,The Tourist,The Tourist
End of Days,End of Days,End of Days
Blood Diamond,Blood Diamond,Blood Diamond
The Wolf of Wall Street,The Wolf of Wall Street,The Wolf of Wall Street
Batman Forever,Batman Forever,Batman Forever
Starship Troopers,Starship Troopers,Starship Troopers
Cloud Atlas,Cloud Atlas,Cloud Atlas
Legend of the Guardians: The Owls of Ga'Hoole,Legend of the Guardians: The Owls of Ga`Hoole,Legend of the Guardians: The Owls of Ga`Hoole
Catwoman,Catwoman,Catwoman
Hercules,Hercules,Hercules
Treasure Planet,Treasure Planet,Treasure Planet
Land of the Lost,Land of the Lost,Land of the Lost
The Expendables 3,The Expendables 3,The Expendables 3
Point Break,Point Break,Point Break
Son of the Mask,Son of the Mask,Son of the Mask
In the Heart of the Sea,In the Heart of the Sea,In the Heart of the Sea
The Adventures of Pluto Nash,The Adventures of Pluto Nash,The Adventures of Pluto Nash
Green Zone,Green Zone,Green Zone
The Peanuts Movie,The Peanuts Movie,The Peanuts Movie
The Spanish Prisoner,The Spanish Prisoner,The Spanish Prisoner
The Mummy Returns,The Mummy Returns,The Mummy Returns
Gangs of New York,Gangs of New York,Gangs of New York
The Flowers of War,The Flowers of War,The Flowers of War
Surf's Up,Surf`s Up,Surf`s Up
The Stepford Wives,The Stepford Wives,The Stepford Wives
Black Hawk Down,Black Hawk Down,Black Hawk Down
The Campaign,The Campaign,The Campaign
The Fifth Element,The Fifth Element,The Fifth Element
Sex and the City 2,Sex and the City 2,Sex and the City 2
The Road to El Dorado,The Road to El Dorado,The Road to El Dorado
Ice Age: Continental Drift,Ice Age: Continental Drift,Ice Age: Continental Drift
Cinderella,Cinderella,Cinderella
The Lovely Bones,The Lovely Bones,The Lovely Bones
Finding Nemo,Finding Nemo,Finding Nemo
The Lord of the Rings: The Return of the King,The Lord of the Rings: The Return of the King,The Lord of the Rings: The Return of the King
The Lord of the Rings: The Two Towers,The Lord of the Rings: The Two Towers,The Lord of the Rings: The Two Towers
Seventh Son,Seventh Son,Seventh Son
Lara Croft: Tomb Raider,Lara Croft: Tomb Raider,Lara Croft: Tomb Raider
Transcendence,Transcendence,Transcendence
Jurassic Park III,Jurassic Park III,Jurassic Park III
Rise of the Planet of the Apes,Rise of the Planet of the Apes,Rise of the Planet of the Apes
The Spiderwick Chronicles,The Spiderwick Chronicles,The Spiderwick Chronicles
A Good Day to Die Hard,A Good Day to Die Hard,A Good Day to Die Hard
The Alamo,The Alamo,The Alamo
The Incredibles,The Incredibles,The Incredibles
Cutthroat Island,Cutthroat Island,Cutthroat Island
Percy Jackson & the Olympians: The Lightning Thief,Percy Jackson & the Olympians: The Lightning Thief,Percy Jackson (and) the Olympians: The Lightning Thief
Men in Black,Men in Black,Men in Black
Toy Story 2,Toy Story 2,Toy Story 2
Unstoppable,Unstoppable,Unstoppable
Rush Hour 2,Rush Hour 2,Rush Hour 2
What Lies Beneath,What Lies Beneath,What Lies Beneath
Cloudy with a Chance of Meatballs,Cloudy with a Chance of Meatballs,Cloudy with a Chance of Meatballs
Ice Age: Dawn of the Dinosaurs,Ice Age: Dawn of the Dinosaurs,Ice Age: Dawn of the Dinosaurs
The Secret Life of Walter Mitty,The Secret Life of Walter Mitty,The Secret Life of Walter Mitty
Charlie's Angels,Charlie`s Angels,Charlie`s Angels
The Departed,The Departed,The Departed
Mulan,Mulan,Mulan
Tropic Thunder,Tropic Thunder,Tropic Thunder
The Girl with the Dragon Tattoo,The Girl with the Dragon Tattoo,The Girl with the Dragon Tattoo
Die Hard: With a Vengeance,Die Hard: With a Vengeance,Die Hard: With a Vengeance
Sherlock Holmes,Sherlock Holmes,Sherlock Holmes
Ben-Hur,Ben-Hur,Ben-Hur
Atlantis: The Lost Empire,Atlantis: The Lost Empire,Atlantis: The Lost Empire
Alvin and the Chipmunks: The Road Chip,Alvin and the Chipmunks: The Road Chip,Alvin and the Chipmunks: The Road Chip
Valkyrie,Valkyrie,Valkyrie
You Don't Mess with the Zohan,You Don`t Mess with the Zohan,You Don`t Mess with the Zohan
Pixels,Pixels,Pixels
A.I. Artificial Intelligence,A.I. Artificial Intelligence,A.I. Artificial Intelligence
The Haunted Mansion,The Haunted Mansion,The Haunted Mansion
Contact,Contact,Contact
Hollow Man,Hollow Man,Hollow Man
The Interpreter,The Interpreter,The Interpreter
Percy Jackson: Sea of Monsters,Percy Jackson: Sea of Monsters,Percy Jackson: Sea of Monsters
Lara Croft Tomb Raider: The Cradle of Life,Lara Croft Tomb Raider: The Cradle of Life,Lara Croft Tomb Raider: The Cradle of Life
Now You See Me 2,Now You See Me 2,Now You See Me 2
The Saint,The Saint,The Saint
Spy Game,Spy Game,Spy Game
Mission to Mars,Mission to Mars,Mission to Mars
Rio,Rio,Rio
Bicentennial Man,Bicentennial Man,Bicentennial Man
Volcano,Volcano,Volcano
The Devil's Own,The Devil`s Own,The Devil`s Own
K-19: The Widowmaker,K-19: The Widowmaker,K-19: The Widowmaker
Conan the Barbarian,Conan the Barbarian,Conan the Barbarian
Cinderella Man,Cinderella Man,Cinderella Man
The Nutcracker: The Untold Story,The Nutcracker: The Untold Story,The Nutcracker: The Untold Story
Seabiscuit,Seabiscuit,Seabiscuit
Twister,Twister,Twister
Cast Away,Cast Away,Cast Away
Happy Feet,Happy Feet,Happy Feet
The Bourne Supremacy,The Bourne Supremacy,The Bourne Supremacy
Air Force One,Air Force One,Air Force One
Ocean's Eleven,Ocean`s Eleven,Ocean`s Eleven
The Three Musketeers,The Three Musketeers,The Three Musketeers
Hotel Transylvania,Hotel Transylvania,Hotel Transylvania
Enchanted,Enchanted,Enchanted
Safe House,Safe House,Safe House
102 Dalmatians,102 Dalmatians,102 Dalmatians
Tower Heist,Tower Heist,Tower Heist
The Holiday,The Holiday,The Holiday
Enemy of the State,Enemy of the State,Enemy of the State
It's Complicated,It`s Complicated,It`s Complicated
Ocean's Thirteen,Ocean`s Thirteen,Ocean`s Thirteen
Open Season,Open Season,Open Season
Divergent,Divergent,Divergent
Enemy at the Gates,Enemy at the Gates,Enemy at the Gates
The Rundown,The Rundown,The Rundown
Last Action Hero,Last Action Hero,Last Action Hero
Memoirs of a Geisha,Memoirs of a Geisha,Memoirs of a Geisha
The Fast and the Furious: Tokyo Drift,The Fast and the Furious: Tokyo Drift,The Fast and the Furious: Tokyo Drift
Arthur Christmas,Arthur Christmas,Arthur Christmas
Meet Joe Black,Meet Joe Black,Meet Joe Black
Collateral Damage,Collateral Damage,Collateral Damage
All That Jazz,All That Jazz,All That Jazz
Mirror Mirror,Mirror Mirror,Mirror Mirror
Scott Pilgrim vs. the World,Scott Pilgrim vs. the World,Scott Pilgrim vs. the World
The Core,The Core,The Core
Nutty Professor II: The Klumps,Nutty Professor II: The Klumps,Nutty Professor II: The Klumps
Scooby-Doo,Scooby-Doo,Scooby-Doo
Dredd,Dredd,Dredd
Click,Click,Click
Creepshow,Creepshow,Creepshow
Cats & Dogs 2 : The Revenge of Kitty Galore,Cats & Dogs 2 : The Revenge of Kitty Galore,Cats (and) Dogs 2 : The Revenge of Kitty Galore
Jumper,Jumper,Jumper
Hellboy II: The Golden Army,Hellboy II: The Golden Army,Hellboy II: The Golden Army
Zodiac,Zodiac,Zodiac
The 6th Day,The 6th Day,The 6th Day
Bruce Almighty,Bruce Almighty,Bruce Almighty
The Expendables,The Expendables,The Expendables
Mission: Impossible,Mission: Impossible,Mission: Impossible
The Hunger Games,The Hunger Games,The Hunger Games
The Hangover Part II,The Hangover Part II,The Hangover Part II
Batman Returns,Batman Returns,Batman Returns
Over the Hedge,Over the Hedge,Over the Hedge
Lilo & Stitch,Lilo & Stitch,Lilo (and) Stitch
Charlotte's Web,Charlotte`s Web,Charlotte`s Web
Deep Impact,Deep Impact,Deep Impact
RED 2,RED 2,RED 2
The Longest Yard,The Longest Yard,The Longest Yard
Alvin and the Chipmunks: Chipwrecked,Alvin and the Chipmunks: Chipwrecked,Alvin and the Chipmunks: Chipwrecked
Grown Ups 2,Grown Ups 2,Grown Ups 2
Get Smart,Get Smart,Get Smart
Something's Gotta Give,Something`s Gotta Give,Something`s Gotta Give
Shutter Island,Shutter Island,Shutter Island
Four Christmases,Four Christmases,Four Christmases
Robots,Robots,Robots
Face/Off,Face/Off,Face/Off
Bedtime Stories,Bedtime Stories,Bedtime Stories
Road to Perdition,Road to Perdition,Road to Perdition
Just Go with It,Just Go with It,Just Go with It
Con Air,Con Air,Con Air
Eagle Eye,Eagle Eye,Eagle Eye
Cold Mountain,Cold Mountain,Cold Mountain
The Book of Eli,The Book of Eli,The Book of Eli
Flubber,Flubber,Flubber
The Haunting,The Haunting,The Haunting
Space Jam,Space Jam,Space Jam
The Pink Panther,The Pink Panther,The Pink Panther
The Day the Earth Stood Still,The Day the Earth Stood Still,The Day the Earth Stood Still
Conspiracy Theory,Conspiracy Theory,Conspiracy Theory
Fury,Fury,Fury
Six Days Seven Nights,Six Days Seven Nights,Six Days Seven Nights
Yogi Bear,Yogi Bear,Yogi Bear
Spirit: Stallion of the Cimarron,Spirit: Stallion of the Cimarron,Spirit: Stallion of the Cimarron
Zookeeper,Zookeeper,Zookeeper
Lost in Space,Lost in Space,Lost in Space
The Manchurian Candidate,The Manchurian Candidate,The Manchurian Candidate
Déjà Vu,Déjà Vu,Déjà Vu
Hotel Transylvania 2,Hotel Transylvania 2,Hotel Transylvania 2
Fantasia 2000,Fantasia 2000,Fantasia 2000
The Time Machine,The Time Machine,The Time Machine
Mighty Joe Young,Mighty Joe Young,Mighty Joe Young
Swordfish,Swordfish,Swordfish
The Legend of Zorro,The Legend of Zorro,The Legend of Zorro
What Dreams May Come,What Dreams May Come,What Dreams May Come
Little Nicky,Little Nicky,Little Nicky
The Brothers Grimm,The Brothers Grimm,The Brothers Grimm
Mars Attacks!,Mars Attacks!,Mars Attacks!
Evolution,Evolution,Evolution
The Edge,The Edge,The Edge
Surrogates,Surrogates,Surrogates
Thirteen Days,Thirteen Days,Thirteen Days
Daylight,Daylight,Daylight
Walking With Dinosaurs,Walking With Dinosaurs,Walking With Dinosaurs
Battlefield Earth,Battlefield Earth,Battlefield Earth
Looney Tunes: Back in Action,Looney Tunes: Back in Action,Looney Tunes: Back in Action
Nine,Nine,Nine
Timeline,Timeline,Timeline
The Postman,The Postman,The Postman
Babe: Pig in the City,Babe: Pig in the City,Babe: Pig in the City
The Last Witch Hunter,The Last Witch Hunter,The Last Witch Hunter
Red Planet,Red Planet,Red Planet
Arthur and the Invisibles,Arthur and the Invisibles,Arthur and the Invisibles
Oceans,Oceans,Oceans
A Sound of Thunder,A Sound of Thunder,A Sound of Thunder
Pompeii,Pompeii,Pompeii
Top Cat Begins,Top Cat Begins,Top Cat Begins
A Beautiful Mind,A Beautiful Mind,A Beautiful Mind
The Lion King,The Lion King,The Lion King
Journey 2: The Mysterious Island,Journey 2: The Mysterious Island,Journey 2: The Mysterious Island
Cloudy with a Chance of Meatballs 2,Cloudy with a Chance of Meatballs 2,Cloudy with a Chance of Meatballs 2
Red Dragon,Red Dragon,Red Dragon
Hidalgo,Hidalgo,Hidalgo
Jack and Jill,Jack and Jill,Jack and Jill
2 Fast 2 Furious,2 Fast 2 Furious,2 Fast 2 Furious
The Little Prince,The Little Prince,The Little Prince
The Invasion,The Invasion,The Invasion
The Adventures of Rocky & Bullwinkle,The Adventures of Rocky & Bullwinkle,The Adventures of Rocky (and) Bullwinkle
The Secret Life of Pets,The Secret Life of Pets,The Secret Life of Pets
The League of Extraordinary Gentlemen,The League of Extraordinary Gentlemen,The League of Extraordinary Gentlemen
Despicable Me 2,Despicable Me 2,Despicable Me 2
Independence Day,Independence Day,Independence Day
The Lost World: Jurassic Park,The Lost World: Jurassic Park,The Lost World: Jurassic Park
Madagascar,Madagascar,Madagascar
Children of Men,Children of Men,Children of Men
X-Men,X-Men,X-Men
Wanted,Wanted,Wanted
The Rock,The Rock,The Rock
Ice Age: The Meltdown,Ice Age: The Meltdown,Ice Age: The Meltdown
50 First Dates,50 First Dates,50 First Dates
Hairspray,Hairspray,Hairspray
Exorcist: The Beginning,Exorcist: The Beginning,Exorcist: The Beginning
Inspector Gadget,Inspector Gadget,Inspector Gadget
Now You See Me,Now You See Me,Now You See Me
Grown Ups,Grown Ups,Grown Ups
The Terminal,The Terminal,The Terminal
Hotel for Dogs,Hotel for Dogs,Hotel for Dogs
Vertical Limit,Vertical Limit,Vertical Limit
Charlie Wilson's War,Charlie Wilson`s War,Charlie Wilson`s War
Shark Tale,Shark Tale,Shark Tale
Dreamgirls,Dreamgirls,Dreamgirls
Be Cool,Be Cool,Be Cool
Munich,Munich,Munich
Tears of the Sun,Tears of the Sun,Tears of the Sun
Killers,Killers,Killers
The Man from U.N.C.L.E.,The Man from U.N.C.L.E.,The Man from U.N.C.L.E.
Spanglish,Spanglish,Spanglish
Monster House,Monster House,Monster House
Bandits,Bandits,Bandits
First Knight,First Knight,First Knight
Anna and the King,Anna and the King,Anna and the King
Immortals,Immortals,Immortals
Hostage,Hostage,Hostage
Titan A.E.,Titan A.E.,Titan A.E.
Hollywood Homicide,Hollywood Homicide,Hollywood Homicide
Soldier,Soldier,Soldier
Carriers,Carriers,Carriers
Monkeybone,Monkeybone,Monkeybone
Flight of the Phoenix,Flight of the Phoenix,Flight of the Phoenix
Unbreakable,Unbreakable,Unbreakable
Minions,Minions,Minions
Sucker Punch,Sucker Punch,Sucker Punch
Snake Eyes,Snake Eyes,Snake Eyes
Sphere,Sphere,Sphere
The Angry Birds Movie,The Angry Birds Movie,The Angry Birds Movie
Fool's Gold,Fool`s Gold,Fool`s Gold
Funny People,Funny People,Funny People
The Kingdom,The Kingdom,The Kingdom
Talladega Nights: The Ballad of Ricky Bobby,Talladega Nights: The Ballad of Ricky Bobby,Talladega Nights: The Ballad of Ricky Bobby
Dr. Dolittle 2,Dr. Dolittle 2,Dr. Dolittle 2
Braveheart,Braveheart,Braveheart
Jarhead,Jarhead,Jarhead
The Simpsons Movie,The Simpsons Movie,The Simpsons Movie
The Majestic,The Majestic,The Majestic
Driven,Driven,Driven
Two Brothers,Two Brothers,Two Brothers
The Village,The Village,The Village
Doctor Dolittle,Doctor Dolittle,Doctor Dolittle
Signs,Signs,Signs
Shrek 2,Shrek 2,Shrek 2
Cars,Cars,Cars
Runaway Bride,Runaway Bride,Runaway Bride
xXx,xXx,xXx
The SpongeBob Movie: Sponge Out of Water,The SpongeBob Movie: Sponge Out of Water,The SpongeBob Movie: Sponge Out of Water
Ransom,Ransom,Ransom
Inglourious Basterds,Inglourious Basterds,Inglourious Basterds
Hook,Hook,Hook
Die Hard 2,Die Hard 2,Die Hard 2
S.W.A.T.,S.W.A.T.,S.W.A.T.
Vanilla Sky,Vanilla Sky,Vanilla Sky
Lady in the Water,Lady in the Water,Lady in the Water
AVP: Alien vs. Predator,AVP: Alien vs. Predator,AVP: Alien vs. Predator
Alvin and the Chipmunks: The Squeakquel,Alvin and the Chipmunks: The Squeakquel,Alvin and the Chipmunks: The Squeakquel
We Were Soldiers,We Were Soldiers,We Were Soldiers
Olympus Has Fallen,Olympus Has Fallen,Olympus Has Fallen
Star Trek: Insurrection,Star Trek: Insurrection,Star Trek: Insurrection
Battle: Los Angeles,Battle: Los Angeles,Battle: Los Angeles
Big Fish,Big Fish,Big Fish
Wolf,Wolf,Wolf
War Horse,War Horse,War Horse
The Monuments Men,The Monuments Men,The Monuments Men
The Abyss,The Abyss,The Abyss
Wall Street: Money Never Sleeps,Wall Street: Money Never Sleeps,Wall Street: Money Never Sleeps
Dracula Untold,Dracula Untold,Dracula Untold
The Siege,The Siege,The Siege
Stardust,Stardust,Stardust
Seven Years in Tibet,Seven Years in Tibet,Seven Years in Tibet
The Dilemma,The Dilemma,The Dilemma
Bad Company,Bad Company,Bad Company
Doom,Doom,Doom
I Spy,I Spy,I Spy
Underworld: Awakening,Underworld: Awakening,Underworld: Awakening
Rock of Ages,Rock of Ages,Rock of Ages
Hart's War,Hart`s War,Hart`s War
Killer Elite,Killer Elite,Killer Elite
Rollerball,Rollerball,Rollerball
Ballistic: Ecks vs. Sever,Ballistic: Ecks vs. Sever,Ballistic: Ecks vs. Sever
Hard Rain,Hard Rain,Hard Rain
Osmosis Jones,Osmosis Jones,Osmosis Jones
Legends of Oz: Dorothy's Return,Legends of Oz: Dorothy`s Return,Legends of Oz: Dorothy`s Return
Blackhat,Blackhat,Blackhat
Sky Captain and the World of Tomorrow,Sky Captain and the World of Tomorrow,Sky Captain and the World of Tomorrow
Basic Instinct 2,Basic Instinct 2,Basic Instinct 2
Escape Plan,Escape Plan,Escape Plan
The Legend of Hercules,The Legend of Hercules,The Legend of Hercules
The Sum of All Fears,The Sum of All Fears,The Sum of All Fears
The Twilight Saga: Eclipse,The Twilight Saga: Eclipse,The Twilight Saga: Eclipse
The Score,The Score,The Score
Despicable Me,Despicable Me,Despicable Me
Money Train,Money Train,Money Train
Ted 2,Ted 2,Ted 2
Agora,Agora,Agora
Mystery Men,Mystery Men,Mystery Men
Hall Pass,Hall Pass,Hall Pass
The Insider,The Insider,The Insider
The Finest Hours,The Finest Hours,The Finest Hours
Body of Lies,Body of Lies,Body of Lies
Dinner for Schmucks,Dinner for Schmucks,Dinner for Schmucks
Abraham Lincoln: Vampire Hunter,Abraham Lincoln: Vampire Hunter,Abraham Lincoln: Vampire Hunter
Entrapment,Entrapment,Entrapment
The X Files,The X Files,The X Files
The Last Legion,The Last Legion,The Last Legion
Saving Private Ryan,Saving Private Ryan,Saving Private Ryan
Need for Speed,Need for Speed,Need for Speed
What Women Want,What Women Want,What Women Want
Ice Age,Ice Age,Ice Age
Dreamcatcher,Dreamcatcher,Dreamcatcher
Lincoln,Lincoln,Lincoln
The Matrix,The Matrix,The Matrix
Apollo 13,Apollo 13,Apollo 13
The Santa Clause 2,The Santa Clause 2,The Santa Clause 2
Les Misérables,Les Misérables,Les Misérables
You've Got Mail,You`ve Got Mail,You`ve Got Mail
Step Brothers,Step Brothers,Step Brothers
The Mask of Zorro,The Mask of Zorro,The Mask of Zorro
Due Date,Due Date,Due Date
Unbroken,Unbroken,Unbroken
Space Cowboys,Space Cowboys,Space Cowboys
Cliffhanger,Cliffhanger,Cliffhanger
Broken Arrow,Broken Arrow,Broken Arrow
The Kid,The Kid,The Kid
World Trade Center,World Trade Center,World Trade Center
Mona Lisa Smile,Mona Lisa Smile,Mona Lisa Smile
The Dictator,The Dictator,The Dictator
Eyes Wide Shut,Eyes Wide Shut,Eyes Wide Shut
Annie,Annie,Annie
Focus,Focus,Focus
This Means War,This Means War,This Means War
Blade: Trinity,Blade: Trinity,Blade: Trinity
Red Dawn,Red Dawn,Red Dawn
Primary Colors,Primary Colors,Primary Colors
Resident Evil: Retribution,Resident Evil: Retribution,Resident Evil: Retribution
Death Race,Death Race,Death Race
The Long Kiss Goodnight,The Long Kiss Goodnight,The Long Kiss Goodnight
Proof of Life,Proof of Life,Proof of Life
Zathura: A Space Adventure,Zathura: A Space Adventure,Zathura: A Space Adventure
Fight Club,Fight Club,Fight Club
We Are Marshall,We Are Marshall,We Are Marshall
Hudson Hawk,Hudson Hawk,Hudson Hawk
Lucky Numbers,Lucky Numbers,Lucky Numbers
"I, Frankenstein","I, Frankenstein","I, Frankenstein"
Oliver Twist,Oliver Twist,Oliver Twist
Elektra,Elektra,Elektra
Sin City: A Dame to Kill For,Sin City: A Dame to Kill For,Sin City: A Dame to Kill For
Random Hearts,Random Hearts,Random Hearts
Everest,Everest,Everest
Perfume: The Story of a Murderer,Perfume: The Story of a Murderer,Perfume: The Story of a Murderer
Austin Powers in Goldmember,Austin Powers in Goldmember,Austin Powers in Goldmember
Astro Boy,Astro Boy,Astro Boy
Jurassic Park,Jurassic Park,Jurassic Park
Wyatt Earp,Wyatt Earp,Wyatt Earp
Clear and Present Danger,Clear and Present Danger,Clear and Present Danger
Dragon Blade,Dragon Blade,Dragon Blade
Little Man,Little Man,Little Man
U-571,U-571,U-571
The American President,The American President,The American President
The Love Guru,The Love Guru,The Love Guru
3000 Miles to Graceland,3000 Miles to Graceland,3000 Miles to Graceland
The Hateful Eight,The Hateful Eight,The Hateful Eight
Blades of Glory,Blades of Glory,Blades of Glory
Hop,Hop,Hop
300,300,300
Meet the Fockers,Meet the Fockers,Meet the Fockers
Marley & Me,Marley & Me,Marley (and) Me
The Green Mile,The Green Mile,The Green Mile
Wild Hogs,Wild Hogs,Wild Hogs
Chicken Little,Chicken Little,Chicken Little
Gone Girl,Gone Girl,Gone Girl
The Bourne Identity,The Bourne Identity,The Bourne Identity
GoldenEye,GoldenEye,GoldenEye
The General's Daughter,The General`s Daughter,The General`s Daughter
The Truman Show,The Truman Show,The Truman Show
The Prince of Egypt,The Prince of Egypt,The Prince of Egypt
Daddy Day Care,Daddy Day Care,Daddy Day Care
2 Guns,2 Guns,2 Guns
Cats & Dogs,Cats & Dogs,Cats (and) Dogs
The Italian Job,The Italian Job,The Italian Job
Two Weeks Notice,Two Weeks Notice,Two Weeks Notice
Antz,Antz,Antz
Couples Retreat,Couples Retreat,Couples Retreat
Days of Thunder,Days of Thunder,Days of Thunder
Cheaper by the Dozen 2,Cheaper by the Dozen 2,Cheaper by the Dozen 2
Maze Runner: The Scorch Trials,Maze Runner: The Scorch Trials,Maze Runner: The Scorch Trials
Eat Pray Love,Eat Pray Love,Eat Pray Love
The Family Man,The Family Man,The Family Man
RED,RED,RED
Any Given Sunday,Any Given Sunday,Any Given Sunday
The Horse Whisperer,The Horse Whisperer,The Horse Whisperer
Collateral,Collateral,Collateral
The Scorpion King,The Scorpion King,The Scorpion King
Ladder 49,Ladder 49,Ladder 49
Jack Reacher,Jack Reacher,Jack Reacher
Deep Blue Sea,Deep Blue Sea,Deep Blue Sea
This Is It,This Is It,This Is It
Contagion,Contagion,Contagion
Kangaroo Jack,Kangaroo Jack,Kangaroo Jack
Coraline,Coraline,Coraline
The Happening,The Happening,The Happening
Man on Fire,Man on Fire,Man on Fire
The Shaggy Dog,The Shaggy Dog,The Shaggy Dog
Starsky & Hutch,Starsky & Hutch,Starsky (and) Hutch
Jingle All the Way,Jingle All the Way,Jingle All the Way
Hellboy,Hellboy,Hellboy
A Civil Action,A Civil Action,A Civil Action
ParaNorman,ParaNorman,ParaNorman
The Jackal,The Jackal,The Jackal
Paycheck,Paycheck,Paycheck
Up Close & Personal,Up Close & Personal,Up Close (and) Personal
The Tale of Despereaux,The Tale of Despereaux,The Tale of Despereaux
The Tuxedo,The Tuxedo,The Tuxedo
Under Siege 2: Dark Territory,Under Siege 2: Dark Territory,Under Siege 2: Dark Territory
Jack Ryan: Shadow Recruit,Jack Ryan: Shadow Recruit,Jack Ryan: Shadow Recruit
Joy,Joy,Joy
London Has Fallen,London Has Fallen,London Has Fallen
Alien: Resurrection,Alien: Resurrection,Alien: Resurrection
Shooter,Shooter,Shooter
The Boxtrolls,The Boxtrolls,The Boxtrolls
Practical Magic,Practical Magic,Practical Magic
The Lego Movie,The Lego Movie,The Lego Movie
Miss Congeniality 2: Armed and Fabulous,Miss Congeniality 2: Armed and Fabulous,Miss Congeniality 2: Armed and Fabulous
Reign of Fire,Reign of Fire,Reign of Fire
Gangster Squad,Gangster Squad,Gangster Squad
Year One,Year One,Year One
Invictus,Invictus,Invictus
State of Play,State of Play,State of Play
Duplicity,Duplicity,Duplicity
My Favorite Martian,My Favorite Martian,My Favorite Martian
The Sentinel,The Sentinel,The Sentinel
Planet 51,Planet 51,Planet 51
Star Trek: Nemesis,Star Trek: Nemesis,Star Trek: Nemesis
Intolerable Cruelty,Intolerable Cruelty,Intolerable Cruelty
Trouble with the Curve,Trouble with the Curve,Trouble with the Curve
Edge of Darkness,Edge of Darkness,Edge of Darkness
The Relic,The Relic,The Relic
Analyze That,Analyze That,Analyze That
Righteous Kill,Righteous Kill,Righteous Kill
Mercury Rising,Mercury Rising,Mercury Rising
The Soloist,The Soloist,The Soloist
The Legend of Bagger Vance,The Legend of Bagger Vance,The Legend of Bagger Vance
Almost Famous,Almost Famous,Almost Famous
Garfield: A Tail of Two Kitties,Garfield: A Tail of Two Kitties,Garfield: A Tail of Two Kitties
xXx: State of the Union,xXx: State of the Union,xXx: State of the Union
Priest,Priest,Priest
Sinbad: Legend of the Seven Seas,Sinbad: Legend of the Seven Seas,Sinbad: Legend of the Seven Seas
Event Horizon,Event Horizon,Event Horizon
Dragonfly,Dragonfly,Dragonfly
The Black Dahlia,The Black Dahlia,The Black Dahlia
Flyboys,Flyboys,Flyboys
The Last Castle,The Last Castle,The Last Castle
Supernova,Supernova,Supernova
Winter's Tale,Winter`s Tale,Winter`s Tale
The Mortal Instruments: City of Bones,The Mortal Instruments: City of Bones,The Mortal Instruments: City of Bones
Meet Dave,Meet Dave,Meet Dave
Dark Water,Dark Water,Dark Water
Edtv,Edtv,Edtv
Inkheart,Inkheart,Inkheart
The Spirit,The Spirit,The Spirit
Mortdecai,Mortdecai,Mortdecai
In the Name of the King: A Dungeon Siege Tale,In the Name of the King: A Dungeon Siege Tale,In the Name of the King: A Dungeon Siege Tale
Beyond Borders,Beyond Borders,Beyond Borders
The Monkey King 2,The Monkey King 2,The Monkey King 2
The Great Raid,The Great Raid,The Great Raid
Deadpool,Deadpool,Deadpool
Holy Man,Holy Man,Holy Man
American Sniper,American Sniper,American Sniper
Goosebumps,Goosebumps,Goosebumps
Just Like Heaven,Just Like Heaven,Just Like Heaven
The Flintstones in Viva Rock Vegas,The Flintstones in Viva Rock Vegas,The Flintstones in Viva Rock Vegas
Rambo III,Rambo III,Rambo III
Leatherheads,Leatherheads,Leatherheads
The Ridiculous 6,The Ridiculous 6,The Ridiculous 6
Did You Hear About the Morgans?,Did You Hear About the Morgans?,Did You Hear About the Morgans?
The Internship,The Internship,The Internship
Resident Evil: Afterlife,Resident Evil: Afterlife,Resident Evil: Afterlife
Red Tails,Red Tails,Red Tails
The Devil's Advocate,The Devil`s Advocate,The Devil`s Advocate
That's My Boy,That`s My Boy,That`s My Boy
DragonHeart,DragonHeart,DragonHeart
After the Sunset,After the Sunset,After the Sunset
Ghost Rider: Spirit of Vengeance,Ghost Rider: Spirit of Vengeance,Ghost Rider: Spirit of Vengeance
Captain Corelli's Mandolin,Captain Corelli`s Mandolin,Captain Corelli`s Mandolin
The Pacifier,The Pacifier,The Pacifier
Walking Tall,Walking Tall,Walking Tall
Forrest Gump,Forrest Gump,Forrest Gump
Alvin and the Chipmunks,Alvin and the Chipmunks,Alvin and the Chipmunks
Meet the Parents,Meet the Parents,Meet the Parents
Pocahontas,Pocahontas,Pocahontas
Superman,Superman,Superman
The Nutty Professor,The Nutty Professor,The Nutty Professor
Hitch,Hitch,Hitch
George of the Jungle,George of the Jungle,George of the Jungle
American Wedding,American Wedding,American Wedding
Captain Phillips,Captain Phillips,Captain Phillips
Date Night,Date Night,Date Night
Casper,Casper,Casper
The Equalizer,The Equalizer,The Equalizer
Maid in Manhattan,Maid in Manhattan,Maid in Manhattan
Crimson Tide,Crimson Tide,Crimson Tide
The Pursuit of Happyness,The Pursuit of Happyness,The Pursuit of Happyness
Flightplan,Flightplan,Flightplan
Disclosure,Disclosure,Disclosure
City of Angels,City of Angels,City of Angels
Kill Bill: Vol. 1,Kill Bill: Vol. 1,Kill Bill: Vol. 1
Bowfinger,Bowfinger,Bowfinger
Kill Bill: Vol. 2,Kill Bill: Vol. 2,Kill Bill: Vol. 2
Tango & Cash,Tango & Cash,Tango (and) Cash
Death Becomes Her,Death Becomes Her,Death Becomes Her
Shanghai Noon,Shanghai Noon,Shanghai Noon
Executive Decision,Executive Decision,Executive Decision
Mr. Popper's Penguins,Mr. Popper`s Penguins,Mr. Popper`s Penguins
The Forbidden Kingdom,The Forbidden Kingdom,The Forbidden Kingdom
Free Birds,Free Birds,Free Birds
Alien³,Alien³,Alien³
Evita,Evita,Evita
Ronin,Ronin,Ronin
The Ghost and the Darkness,The Ghost and the Darkness,The Ghost and the Darkness
Paddington,Paddington,Paddington
The Watch,The Watch,The Watch
The Hunted,The Hunted,The Hunted
Instinct,Instinct,Instinct
Stuck on You,Stuck on You,Stuck on You
Semi-Pro,Semi-Pro,Semi-Pro
The Pirates! In an Adventure with Scientists!,The Pirates! In an Adventure with Scientists!,The Pirates! In an Adventure with Scientists!
Changeling,Changeling,Changeling
Chain Reaction,Chain Reaction,Chain Reaction
The Fan,The Fan,The Fan
The Phantom of the Opera,The Phantom of the Opera,The Phantom of the Opera
Elizabeth: The Golden Age,Elizabeth: The Golden Age,Elizabeth: The Golden Age
Æon Flux,Æon Flux,Æon Flux
Gods and Generals,Gods and Generals,Gods and Generals
Turbulence,Turbulence,Turbulence
Imagine That,Imagine That,Imagine That
Muppets Most Wanted,Muppets Most Wanted,Muppets Most Wanted
Thunderbirds,Thunderbirds,Thunderbirds
Burlesque,Burlesque,Burlesque
A Very Long Engagement,A Very Long Engagement,A Very Long Engagement
Lolita,Lolita,Lolita
D-Tox,D-Tox,D-Tox
Blade II,Blade II,Blade II
Seven Pounds,Seven Pounds,Seven Pounds
Bullet to the Head,Bullet to the Head,Bullet to the Head
The Godfather: Part III,The Godfather: Part III,The Godfather: Part III
Elizabethtown,Elizabethtown,Elizabethtown
"You, Me and Dupree","You, Me and Dupree","You, Me and Dupree"
Superman II,Superman II,Superman II
Gigli,Gigli,Gigli
All the King's Men,All the King`s Men,All the King`s Men
Shaft,Shaft,Shaft
Anastasia,Anastasia,Anastasia
Moulin Rouge!,Moulin Rouge!,Moulin Rouge!
Domestic Disturbance,Domestic Disturbance,Domestic Disturbance
Black Mass,Black Mass,Black Mass
Flags of Our Fathers,Flags of Our Fathers,Flags of Our Fathers
Law Abiding Citizen,Law Abiding Citizen,Law Abiding Citizen
Grindhouse,Grindhouse,Grindhouse
Beloved,Beloved,Beloved
Lucky You,Lucky You,Lucky You
Catch Me If You Can,Catch Me If You Can,Catch Me If You Can
Zero Dark Thirty,Zero Dark Thirty,Zero Dark Thirty
The Break-Up,The Break-Up,The Break-Up
Mamma Mia!,Mamma Mia!,Mamma Mia!
Valentine's Day,Valentine`s Day,Valentine`s Day
The Dukes of Hazzard,The Dukes of Hazzard,The Dukes of Hazzard
The Thin Red Line,The Thin Red Line,The Thin Red Line
The Change-Up,The Change-Up,The Change-Up
Man on the Moon,Man on the Moon,Man on the Moon
Casino,Casino,Casino
From Paris with Love,From Paris with Love,From Paris with Love
Bulletproof Monk,Bulletproof Monk,Bulletproof Monk
"Me, Myself & Irene","Me, Myself & Irene","Me, Myself (and) Irene"
Barnyard,Barnyard,Barnyard
Deck the Halls,Deck the Halls,Deck the Halls
The Twilight Saga: New Moon,The Twilight Saga: New Moon,The Twilight Saga: New Moon
Shrek,Shrek,Shrek
The Adjustment Bureau,The Adjustment Bureau,The Adjustment Bureau
Robin Hood: Prince of Thieves,Robin Hood: Prince of Thieves,Robin Hood: Prince of Thieves
Jerry Maguire,Jerry Maguire,Jerry Maguire
Ted,Ted,Ted
As Good as It Gets,As Good as It Gets,As Good as It Gets
Patch Adams,Patch Adams,Patch Adams
Anchorman 2: The Legend Continues,Anchorman 2: The Legend Continues,Anchorman 2: The Legend Continues
Mr. Deeds,Mr. Deeds,Mr. Deeds
Super 8,Super 8,Super 8
Erin Brockovich,Erin Brockovich,Erin Brockovich
How to Lose a Guy in 10 Days,How to Lose a Guy in 10 Days,How to Lose a Guy in 10 Days
22 Jump Street,22 Jump Street,22 Jump Street
Interview with the Vampire,Interview with the Vampire,Interview with the Vampire
Yes Man,Yes Man,Yes Man
Central Intelligence,Central Intelligence,Central Intelligence
Stepmom,Stepmom,Stepmom
Daddy's Home,Daddy`s Home,Daddy`s Home
Into the Woods,Into the Woods,Into the Woods
Inside Man,Inside Man,Inside Man
Payback,Payback,Payback
Congo,Congo,Congo
We Bought a Zoo,We Bought a Zoo,We Bought a Zoo
Knowing,Knowing,Knowing
Failure to Launch,Failure to Launch,Failure to Launch
The Ring Two,The Ring Two,The Ring Two
"Crazy, Stupid, Love.","Crazy, Stupid, Love.","Crazy, Stupid, Love."
Garfield,Garfield,Garfield
Christmas with the Kranks,Christmas with the Kranks,Christmas with the Kranks
Moneyball,Moneyball,Moneyball
Outbreak,Outbreak,Outbreak
Non-Stop,Non-Stop,Non-Stop
Race to Witch Mountain,Race to Witch Mountain,Race to Witch Mountain
V for Vendetta,V for Vendetta,V for Vendetta
Shanghai Knights,Shanghai Knights,Shanghai Knights
Curious George,Curious George,Curious George
Herbie Fully Loaded,Herbie Fully Loaded,Herbie Fully Loaded
Don't Say a Word,Don`t Say a Word,Don`t Say a Word
Hansel & Gretel: Witch Hunters,Hansel & Gretel: Witch Hunters,Hansel (and) Gretel: Witch Hunters
Unfaithful,Unfaithful,Unfaithful
I Am Number Four,I Am Number Four,I Am Number Four
Syriana,Syriana,Syriana
13 Hours: The Secret Soldiers of Benghazi,13 Hours: The Secret Soldiers of Benghazi,13 Hours: The Secret Soldiers of Benghazi
The Book of Life,The Book of Life,The Book of Life
Firewall,Firewall,Firewall
Absolute Power,Absolute Power,Absolute Power
G.I. Jane,G.I. Jane,G.I. Jane
The Game,The Game,The Game
Silent Hill,Silent Hill,Silent Hill
The Replacements,The Replacements,The Replacements
American Reunion,American Reunion,American Reunion
The Negotiator,The Negotiator,The Negotiator
Into the Storm,Into the Storm,Into the Storm
Beverly Hills Cop III,Beverly Hills Cop III,Beverly Hills Cop III
Gremlins 2: The New Batch,Gremlins 2: The New Batch,Gremlins 2: The New Batch
The Judge,The Judge,The Judge
The Peacemaker,The Peacemaker,The Peacemaker
Resident Evil: Apocalypse,Resident Evil: Apocalypse,Resident Evil: Apocalypse
Bridget Jones: The Edge of Reason,Bridget Jones: The Edge of Reason,Bridget Jones: The Edge of Reason
Out of Time,Out of Time,Out of Time
On Deadly Ground,On Deadly Ground,On Deadly Ground
The Adventures of Sharkboy and Lavagirl,The Adventures of Sharkboy and Lavagirl,The Adventures of Sharkboy and Lavagirl
The Beach,The Beach,The Beach
Raising Helen,Raising Helen,Raising Helen
Ninja Assassin,Ninja Assassin,Ninja Assassin
For Love of the Game,For Love of the Game,For Love of the Game
Striptease,Striptease,Striptease
Marmaduke,Marmaduke,Marmaduke
Hereafter,Hereafter,Hereafter
Murder by Numbers,Murder by Numbers,Murder by Numbers
Assassins,Assassins,Assassins
Hannibal Rising,Hannibal Rising,Hannibal Rising
The Story of Us,The Story of Us,The Story of Us
The Host,The Host,The Host
Basic,Basic,Basic
Blood Work,Blood Work,Blood Work
The International,The International,The International
Escape from L.A.,Escape from L.A.,Escape from L.A.
The Iron Giant,The Iron Giant,The Iron Giant
The Life Aquatic with Steve Zissou,The Life Aquatic with Steve Zissou,The Life Aquatic with Steve Zissou
Free State of Jones,Free State of Jones,Free State of Jones
The Life of David Gale,The Life of David Gale,The Life of David Gale
Man of the House,Man of the House,Man of the House
Run All Night,Run All Night,Run All Night
Eastern Promises,Eastern Promises,Eastern Promises
Into the Blue,Into the Blue,Into the Blue
The Messenger: The Story of Joan of Arc,The Messenger: The Story of Joan of Arc,The Messenger: The Story of Joan of Arc
Your Highness,Your Highness,Your Highness
Dream House,Dream House,Dream House
Mad City,Mad City,Mad City
Baby's Day Out,Baby`s Day Out,Baby`s Day Out
The Scarlet Letter,The Scarlet Letter,The Scarlet Letter
Fair Game,Fair Game,Fair Game
Domino,Domino,Domino
Jade,Jade,Jade
Gamer,Gamer,Gamer
Beautiful Creatures,Beautiful Creatures,Beautiful Creatures
Death to Smoochy,Death to Smoochy,Death to Smoochy
Zoolander 2,Zoolander 2,Zoolander 2
The Big Bounce,The Big Bounce,The Big Bounce
,,
,,
,,
,,
,,
,,
,,
,,
,,
,,
,,
,,
,,
,,
,,
,,
,,
,,
,,
,,
,,
,,
,,
,,
,,
,,
,,
,,
,,
,,
,,
,,
,,
,,
,,
,,
,,
,,
,,
,,
,,
,,
,,
,,
,,
,,
,,
,,
,,
,,
,,
,,
,,
,,
,,
,,
,,
,,
,,
,,
,,
,,
,,
,,
,,
,,
,,
,,
,,
,,
,,
,,
,,
,,
,,
,,
,,
,,
,,
,,
,,
,,
,,
,,
,,
,,
,,
,,
,,
,,
,,
,,
,,
,,
,,
,,
,,
,,
,,
,,
,,
,,
,,
,,
,,
,,
,,
,,
,,
,,
,,
,,
,,
,,
,,
,,
,,
,,
,,
,,
,,
,,
,,
,,
,,
,,
,,
,,
,,
,,
,,
,,
,,
,,
,,
,,
,,
,,
,,
,,
,,
,,
,,
,,
,,
,,
,,
,,
,,
,,
,,
,,
,,
,,
,,
,,
,,
,,
,,
,,
,,
,,
,,
,,
,,
,,
,,
,,
,,
,,
,,
,,
,,
,,
,,
,,
,,
,,
,,
,,
,,
,,
,,
,,
,,
,,
,,
,,
,,
,,
,,
,,
,,
,,
,,
,,
,,
,,
,,
,,
,,
,,
,,
,,
,,
,,
,,
,,
,,
,,
,,
,,
,,
,,
,,
,,
,,
,,
,,
,,
,,
,,
,,
,,
,,
,,
,,
,,
,,
,,
,,
,,
,,
,,
,,
,,
,,
,,
,,
,,
,,
,,
,,
,,
,,
,,
,,
,,
,,
,,
,,
,,
,,
,,
,,
,,
,,
,,
,,
,,
,,
,,
,,
,,
,,
,,
,,
,,
,,
,,
,,
,,
,,
,,
,,
,,
,,
,,
,,
,,
,,
,,
,,
,,
,,
,,
,,
,,
,,
,,
,,
,,
,,
,,
,,
,,
,,
,,
,,
,,
,,
,,
,,
,,
,,
,,
,,
,,
,,
,,
,,
,,
,,
,,
,,
,,
,,
,,
,,
,,
,,
,,
,,
,,
,,
,,
,,
,,
,,
,,
,,
,,
,,
,,
,,
,,
,,
,,
,,
,,
,,
,,
,,
,,
,,
,,
,,
,,
,,
,,
,,
,,
,,
,,
,,
,,
,,
,,
,,
,,
,,
,,
,,
,,
,,
,,
,,
,,
,,
,,
,,
,,
,,
,,
,,
,,
,,
,,
,,
,,
,,
,,
,,
,,
,,
,,
,,
,,
,,
,,
,,
,,
,,
,,
,,
,,
,,
,,
,,
,,
,,
,,
,,
,,
,,
,,
,,
,,
,,
,,
,,
,,
,,
,,
,,
,,
,,
,,
,,
,,
,,
,,
,,
,,
,,
,,
,,
,,
,,
,,
,,
,,
,,
,,
,,
,,
,,
,,
,,
,,
,,
,,
,,
,,
,,
,,
,,
,,
,,
,,
,,
,,
,,
,,
,,
,,
,,
,,
,,
,,
,,
,,
,,
,,
,,
,,
,,
,,
,,
,,
,,
,,
,,
,,
,,
,,
,,
,,
,,
,,
,,
,,
,,
,,
,,
,,
,,
,,
,,
,,
,,
,,
,,
,,
,,
,,
,,
,,
,,
,,
,,
,,
,,
,,
,,
,,
,,
,,
,,
,,
,,
,,
,,
,,
,,
,,
,,
,,
,,
,,
,,
,,
,,
,,
,,
,,
,,
,,
,,
,,
,,
,,
,,
,,
,,
,,
,,
,,
,,
,,
,,
,,
,,
,,
,,
,,
,,
,,
,,
,,
,,
,,
,,
,,
,,
,,
,,
,,
,,
,,
,,
,,
,,
,,
,,
,,
,,
,,
,,
,,
,,
,,
,,
,,
,,
,,
,,
,,
,,
,,
,,
,,
,,
,,
,,
,,
,,
,,
,,
,,
,,
,,
,,
,,
,,
,,
,,
,,
,,
,,
,,
,,
,,
,,
,,
,,
,,
,,
,,
,,
,,
,,
,,
,,
,,
,,
,,
,,
,,
,,
,,
,,
,,
,,
,,
,,
,,
,,
,,
,,
,,
,,
,,
,,
,,
,,
,,
,,
,,
,,
,,
,,
,,
,,
,,
,,
,,
,,
,,
,,
,,
,,
,,
,,
,,
,,
,,
,,
,,
,,
,,
,,
,,
,,
,,
,,
,,
,,
,,
,,
,,
,,
,,
,,
,,
,,
,,
,,
,,
,,
,,
,,
,,
,,
,,
,,
,,
,,
,,
,,
,,
,,
,,
,,
,,
,,
,,
,,
,,
,,
,,
,,
,,
,,
,,
,,
,,
,,
,,
,,
,,
,,
,,
,,
,,
,,
,,
,,
,,
,,
,,
,,
,,
,,
,,
,,
,,
,,
,,
,,
,,
,,
,,
,,
,,
,,
,,
,,
,,
,,
,,
,,
,,
,,
,,
,,
,,
,,
,,
,,
,,
,,
,,
,,
,,
,,
,,
,,
,,
,,
,,
,,
,,
,,
,,
,,
,,
,,
,,
,,
,,
,,
,,
,,
,,
,,
,,
,,
,,
,,
,,
,,
,,
,,
,,
,,
,,
,,
,,
,,
,,
,,
,,
,,
,,
,,
,,
,,
,,
,,
,,
,,
,,
,,
,,
,,
,,
,,
,,
,,
,,
,,
,,
,,
,,
,,
,,
,,
,,
,,
,,
,,
,,
,,
,,
,,
,,
,,
,,
,,
,,
,,
,,
,,
,,
,,
,,
,,
,,
,,
,,
,,
,,
,,
,,
,,
,,
,,
,,
,,
,,
,,
,,
,,
,,
,,
,,
,,
,,
,,
,,
,,
,,
,,
,,
,,
,,
,,
,,
,,
,,
,,
,,
,,
,,
,,
,,
,,
,,
,,
,,
,,
,,
,,
,,
,,
,,
,,
,,
,,
,,
,,
,,
,,
,,
,,
,,
,,
,,
,,
,,
,,
,,
,,
,,
,,
,,
,,
,,
,,
,,
,,
,,
,,
,,
,,
,,
,,
,,
,,
,,
,,
,,
,,
,,
,,
,,
,,
,,
,,
,,
,,
,,
,,
,,
,,
,,
,,
,,
,,
,,
,,
,,
,,
,,
,,
,,
,,
,,
,,
,,
,,
,,
,,
,,
,,
,,
,,
,,
,,
,,
,,
,,
,,
,,
,,
,,
,,
,,
,,
,,
,,
,,
,,
,,
,,
,,
,,
,,
,,
,,
,,
,,
,,
,,
,,
,,
,,
,,
,,
,,
,,
,,
,,
,,
,,
,,
,,
,,
,,
,,
,,
,,
,,
,,
,,
,,
,,
,,
,,
,,
,,
,,
,,
,,
,,
,,
,,
,,
,,
,,
,,
,,
,,
,,
,,
,,
,,
,,
,,
,,
,,
,,
,,
,,
,,
,,
,,
,,
,,
,,
,,
,,
,,
,,
,,
,,
,,
,,
,,
,,
,,
,,
,,
,,
,,
,,
,,
,,
,,
,,
,,
,,
,,
,,
,,
,,
,,
,,
,,
,,
,,
,,
,,
,,
,,
,,
,,
,,
,,
,,
,,
,,
,,
,,
,,
,,
,,
,,
,,
,,
,,
,,
,,
,,
,,
,,
,,
,,
,,
,,
,,
,,
,,
,,
,,
,,
,,
,,
,,
,,
,,
,,
,,
,,
,,
,,
,,
,,
,,
,,
,,
,,
,,
,,
,,
,,
,,
,,
,,
,,
,,
,,
,,
,,
,,
,,
,,
,,
,,
,,
,,
,,
,,
,,
,,
,,
,,
,,
,,
,,
,,
,,
,,
,,
,,
,,
,,
,,
,,
,,
,,
,,
,,
,,
,,
,,
,,
,,
,,
,,
,,
,,
,,
,,
,,
,,
,,
,,
,,
,,
,,
,,
,,
,,
,,
,,
,,
,,
,,
,,
,,
,,
,,
,,
,,
,,
,,
,,
,,
,,
,,
,,
,,
,,
,,
,,
,,
,,
,,
,,
,,
,,
,,
,,
,,
,,
,,
,,
,,
,,
,,
,,
,,
,,
,,
,,
,,
,,
,,
,,
,,
,,
,,
,,
,,
,,
,,
,,
,,
,,
,,
,,
,,
,,
,,
,,
,,
,,
,,
,,
,,
,,
,,
,,
,,
,,
,,
,,
,,
,,
,,
,,
,,
,,
,,
,,
,,
,,
,,
,,
,,
,,
,,
,,
,,
,,
,,
,,
,,
,,
,,
,,
,,
,,
,,
,,
,,
,,
,,
,,
,,
,,
,,
,,
,,
,,
,,
,,
,,
,,
,,
,,
,,
,,
,,
,,
,,
,,
,,
,,
,,
,,
,,
,,
,,
,,
,,
,,
,,
,,
,,
,,
,,
,,
,,
,,
,,
,,
,,
,,
,,
,,
,,
,,
,,
,,
,,
,,
,,
,,
,,
,,
,,
,,
,,
,,
,,
,,
,,
,,
,,
,,
,,
,,
,,
,,
,,
,,
,,
,,
,,
,,
,,
,,
,,
,,
,,
,,
,,
,,
,,
,,
,,
,,
,,
,,
,,
,,
,,
,,
,,
,,
,,
,,
,,
,,
,,
,,
,,
,,
,,
,,
,,
,,
,,
,,
,,
,,
,,
,,
,,
,,
,,
,,
,,
,,
,,
,,
,,
,,
,,
,,
,,
,,
,,
,,
,,
,,
,,
,,
,,
,,
,,
,,
,,
,,
,,
,,
,,
,,
,,
,,
,,
,,
,,
,,
,,
,,
,,
,,
,,
,,
,,
,,
,,
,,
,,
,,
,,
,,
,,
,,
,,
,,
,,
,,
,,
,,
,,
,,
,,
,,
,,
,,
,,
,,
,,
,,
,,
,,
,,
,,
,,
,,
,,
,,
,,
,,
,,
,,
,,
,,
,,
,,
,,
,,
,,
,,
,,
,,
,,
,,
,,
,,
,,
,,
,,
,,
,,
,,
,,
,,
,,
,,
,,
,,
,,
,,
,,
,,
,,
,,
,,
,,
,,
,,
,,
,,
,,
,,
,,
,,
,,
,,
,,
,,
,,
,,
,,
,,
,,
,,
,,
,,
,,
,,
,,
,,
,,
,,
,,
,,
,,
,,
,,
,,
,,
,,
,,
,,
,,
,,
,,
,,
,,
,,
,,
,,
,,
,,
,,
,,
,,
,,
,,
,,
,,
,,
,,
,,
,,
,,
,,
,,
,,
,,
,,
,,
,,
,,
,,
,,
,,
,,
,,
,,
,,
,,
,,
,,
,,
,,
,,
,,
,,
,,
,,
,,
,,
,,
,,
,,
,,
,,
,,
,,
,,
,,
,,
,,
,,
,,
,,
,,
,,
,,
,,
,,
,,
,,
,,
,,
,,
,,
,,
,,
,,
,,
,,
,,
,,
,,
,,
,,
,,
,,
,,
,,
,,
,,
,,
,,
,,
,,
,,
,,
,,
,,
,,
,,
,,
,,
,,
,,
,,
,,
,,
,,
,,
,,
,,
,,
,,
,,
,,
,,
,,
,,
,,
,,
,,
,,
,,
,,
,,
,,
,,
,,
,,
,,
,,
,,
,,
,,
,,
,,
,,
,,
,,
,,
,,
,,
,,
,,
,,
,,
,,
,,
,,
,,
,,
,,
,,
,,
,,
,,
,,
,,
,,
,,
,,
,,
,,
,,
,,
,,
,,
,,
,,
,,
,,
,,
,,
,,
,,
,,
,,
,,
,,
,,
,,
,,
,,
,,
,,
,,
,,
,,
,,
,,
,,
,,
,,
,,
,,
,,
,,
,,
,,
,,
,,
,,
,,
,,
,,
,,
,,
,,
,,
,,
,,
,,
,,
,,
,,
,,
,,
,,
,,
,,
,,
,,
,,
,,
,,
,,
,,
,,
,,
,,
,,
,,
,,
,,
,,
,,
,,
,,
,,
,,
,,
,,
,,
,,
,,
,,
,,
,,
,,
,,
,,
,,
,,
,,
,,
,,
,,
,,
,,
,,
,,
,,
,,
,,
,,
,,
,,
,,
,,
,,
,,
,,
,,
,,
,,
,,
,,
,,
,,
,,
,,
,,
,,
,,
,,
,,
,,
,,
,,
,,
,,
,,
,,
,,
,,
,,
,,
,,
,,
,,
,,
,,
,,
,,
,,
,,
,,
,,
,,
,,
,,
,,
,,
,,
,,
,,
,,
,,
,,
,,
,,
,,
,,
,,
,,
,,
,,
,,
,,
,,
,,
,,
,,
,,
,,
,,
,,
,,
,,
,,
,,
,,
,,
,,
,,
,,
,,
,,
,,
,,
,,
,,
,,
,,
,,
,,
,,
,,
,,
,,
,,
,,
,,
,,
,,
,,
,,
,,
,,
,,
,,
,,
,,
,,
,,
,,
,,
,,
,,
,,
,,
,,
,,
,,
,,
,,
,,
,,
,,
,,
,,
,,
,,
,,
,,
,,
,,
,,
,,
,,
,,
,,
,,
,,
,,
,,
,,
,,
,,
,,
,,
,,
,,
,,
,,
,,
,,
,,
,,
,,
,,
,,
,,
,,
,,
,,
,,
,,
,,
,,
,,
,,
,,
,,
,,
,,
,,
,,
,,
,,
,,
,,
,,
,,
,,
,,
,,
,,
,,
,,
,,
,,
,,
,,
,,
,,
,,
,,
,,
,,
,,
,,
,,
,,
,,
,,
,,
,,
,,
,,
,,
,,
,,
,,
,,
,,
,,
,,
,,
,,
,,
,,
,,
,,
,,
,,
,,
,,
,,
,,
,,
,,
,,
,,
,,
,,
,,
,,
,,
,,
,,
,,
,,
,,
,,
,,
,,
,,
,,
,,
,,
,,
,,
,,
,,
,,
,,
,,
,,
,,
,,
,,
,,
,,
,,
,,
,,
,,
,,
,,
,,
,,
,,
,,
,,
,,
,,
,,
,,
,,
,,
,,
,,
,,
,,
,,
,,
,,
,,
,,
,,
,,
,,
,,
,,
,,
,,
,,
,,
,,
,,
,,
,,
,,
,,
,,
,,
,,
,,
,,
,,
,,
,,
,,
,,
,,
,,
,,
,,
,,
,,
,,
,,
,,
,,
,,
,,
,,
,,
,,
,,
,,
,,
,,
,,
,,
,,
,,
,,
,,
,,
,,
,,
,,
,,
,,
,,
,,
,,
,,
,,
,,
,,
,,
,,
,,
,,
,,
,,
,,
,,
,,
,,
,,
,,
,,
,,
,,
,,
,,
,,
,,
,,
,,
,,
,,
,,
,,
,,
,,
,,
,,
,,
,,
,,
,,
,,
,,
,,
,,
,,
,,
,,
,,
,,
,,
,,
,,
,,
,,
,,
,,
,,
,,
,,
,,
,,
,,
,,
,,
,,
,,
,,
,,
,,
,,
,,
,,
,,
,,
,,
,,
,,
,,
,,
,,
,,
,,
,,
,,
,,
,,
,,
,,
,,
,,
,,
,,
,,
,,
,,
,,
,,
,,
,,
,,
,,
,,
,,
,,
,,
,,
,,
,,
,,
,,
,,
,,
,,
,,
,,
,,
,,
,,
,,
,,
,,
,,
,,
,,
,,
,,
,,
,,
,,
,,
,,
,,
,,
,,
,,
,,
,,
,,
,,
,,
,,
,,
,,
,,
,,
,,
,,
,,
,,
,,
,,
,,
,,
,,
,,
,,
,,
,,
,,
,,
,,
,,
,,
,,
,,
,,
,,
,,
,,
,,
,,
,,
,,
,,
,,
,,
,,
,,
,,
,,
,,
,,
,,
,,
,,
,,
,,
,,
,,
,,
,,
,,
,,
,,
,,
,,
,,
,,
,,
,,
,,
,,
,,
,,
,,
,,
,,
,,
,,
,,
,,
,,
,,
,,
,,
,,
,,
,,
,,
,,
,,
,,
,,
,,
,,
,,
,,
,,
,,
,,
,,
,,
,,
,,
,,
,,
,,
,,
,,
,,
,,
,,
,,
,,
,,
,,
,,
,,
,,
,,
,,
,,
,,
,,
,,
,,
,,
,,
,,
,,
,,
,,
,,
,,
,,
,,
,,
,,
,,
,,
,,
,,
,,
,,
,,
,,
,,
,,
,,
,,
,,
,,
,,
,,
,,
,,
,,
,,
,,
,,
,,
,,
,,
,,
,,
,,
,,
,,
,,
,,
,,
,,
,,
,,
,,
,,
,,
,,
,,
,,
,,
,,
,,
,,
,,
,,
,,
,,
,,
,,
,,
,,
,,
,,
,,
,,
,,
,,
,,
,,
,,
,,
,,
,,
,,
,,
,,
,,
,,
,,
,,
,,
,,
,,
,,
,,
,,
,,
,,
,,
,,
,,
,,
,,
,,
,,
,,
,,
,,
,,
,,
,,
,,
,,
,,
,,
,,
,,
,,
,,
,,
,,
,,
,,
,,
,,
,,
,,
,,
,,
,,
,,
,,
,,
,,
,,
,,
,,
,,
,,
,,
,,
,,
,,
,,
,,
,,
,,
,,
,,
,,
,,
,,
,,
,,
,,
,,
,,
,,
,,
,,
,,
,,
,,
,,
,,
,,
,,
,,
,,
,,
,,
,,
,,
,,
,,
,,
,,
,,
,,
,,
,,
,,
,,
,,
,,
,,
,,
,,
,,
,,
,,
,,
,,
,,
,,
,,
,,
,,
,,
,,
,,
,,
,,
,,
,,
,,
,,
,,
,,
,,
,,
,,
,,
,,
,,
,,
,,
,,
,,
,,
,,
,,
,,
,,
,,
,,
,,
,,
,,
,,
,,
,,
,,
,,
,,
,,
,,
,,
,,
,,
,,
,,
,,
,,
,,
,,
,,
,,
,,
,,
,,
,,
,,
,,
,,
,,
,,
,,
,,
,,
,,
,,
,,
,,
,,
,,
,,
,,
,,
,,
,,
,,
,,
,,
,,
,,
,,
,,
,,
,,
,,
,,
,,
,,
,,
,,
,,
,,
,,
,,
,,
,,
,,
,,
,,
,,
,,
,,
,,
,,
,,
,,
,,
,,
,,
,,
,,
,,
,,
,,
,,
,,
,,
,,
,,
,,
,,
,,
,,
,,
,,
,,
,,
,,
,,
,,
,,
,,
,,
,,
,,
,,
,,
,,
,,
,,
,,
,,
,,
,,
,,
,,
,,
,,
,,
,,
,,
,,
,,
,,
,,
,,
,,
,,
,,
,,
,,
,,
,,
,,
,,
,,
,,
,,
,,
,,
,,
,,
,,
,,
,,
,,
,,
,,
,,
,,
,,
,,
,,
,,
,,
,,
,,
,,
,,
,,
,,
,,
,,
,,
,,
,,
,,
,,
,,
,,
,,
,,
,,
,,
,,
,,
,,
,,
,,
,,
,,
,,
,,
,,
,,
,,
,,
,,
,,
,,
,,
,,
,,
,,
,,
,,
,,
,,
,,
,,
,,
,,
,,
,,
,,
,,
,,
,,
,,
,,
,,
,,
,,
,,
,,
,,
,,
,,
,,
,,
,,
